URL,Last crawled,Status
https://www.zenviqdigital.in/about,1970-01-01,Pending
https://www.zenviqdigital.in/ai-tools,1970-01-01,Pending
https://www.zenviqdigital.in/blog,1970-01-01,Pending
https://www.zenviqdigital.in/blog/ai-automation-business-scaling,1970-01-01,Pending
https://www.zenviqdigital.in/blog/ai-web-design-development-2025,1970-01-01,Pending
https://www.zenviqdigital.in/blog/seo-tips-2025,1970-01-01,Pending
https://www.zenviqdigital.in/contact,1970-01-01,Pending
https://www.zenviqdigital.in/gallery,1970-01-01,Pending
https://www.zenviqdigital.in/privacy,1970-01-01,Pending
https://www.zenviqdigital.in/refund,1970-01-01,Pending
https://www.zenviqdigital.in/services,1970-01-01,Pending
https://www.zenviqdigital.in/terms,1970-01-01,Pending
https://www.zenviqdigital.in/tools,1970-01-01,Pending